{"Root": {"CS": 0.1390478218058919, "Medical": 0.3134896346169199, "Civil": 0.09074699949437155, "ECE": 0.1157356893844639, "biochemistry": 0.11996700109109296, "MAE": 0.0688719163317987, "Psychology": 0.15214093727546105}, "CS": {"Symbolic computation": 0.06009569377990431, "Computer vision": 0.06545454545454547, "Computer graphics": 0.06258373205741628, "Operating systems": 0.05703349282296651, "Machine learning": 0.06162679425837321, "Data structures": 0.06124401913875599, "network security": 0.0690909090909091, "Image processing": 0.06411483253588518, "Parallel computing": 0.06947368421052633, "Distributed computing": 0.06181818181818183, "Algorithm design": 0.05818181818181819, "Computer programming": 0.06468899521531102, "Relational databases": 0.05875598086124403, "Software engineering": 0.06392344497607656, "Bioinformatics": 0.0568421052631579, "Cryptography": 0.058564593301435416, "Structured Storage": 0.006507177033492824}, "Medical": {"Alzheimer's Disease": 0.024787775891341245, "Parkinson's Disease": 0.020458404074702875, "Sprains and Strains": 0.00950764006791171, "Cancer": 0.02495755517826824, "Sports Injuries": 0.025382003395585728, "Senior Health": 0.00755517826825127, "Multiple Sclerosis": 0.01706281833616298, "Hepatitis C": 0.01901528013582342, "Weight Loss": 0.02258064516129031, "Low Testosterone": 0.021392190152801346, "Fungal Infection": 0.025382003395585728, "Diabetes": 0.02504244482173174, "Parenting": 0.024363327674023758, "Birth Control": 0.02334465195246179, "Heart Disease": 0.020543293718166374, "Allergies": 0.02470288624787775, "Menopause": 0.024872665534804744, "Emergency Contraception": 0.019524617996604408, "Skin Care": 0.023259762308998292, "Myelofibrosis": 0.013242784380305598, "Hypothyroidism": 0.020203735144312382, "Headache": 0.023089983022071298, "Overactive Bladder": 0.023259762308998292, "Irritable Bowel Syndrome": 0.023429541595925286, "Polycythemia Vera": 0.010271646859083187, "Atrial Fibrillation": 0.02733446519524617, "Smoking Cessation": 0.01816638370118845, "Lymphoma": 0.01876061120543293, "Asthma": 0.020967741935483862, "Bipolar Disorder": 0.019354838709677413, "Crohn's Disease": 0.0131578947368421, "Idiopathic Pulmonary Fibrosis": 0.016638370118845495, "Mental Health": 0.014516129032258058, "Dementia": 0.016638370118845495, "Rheumatoid Arthritis": 0.013327674023769095, "Osteoporosis": 0.02071307300509337, "Medicare": 0.01774193548387096, "Psoriatic Arthritis": 0.014176570458404068, "Addiction": 0.021222410865874352, "Atopic Dermatitis": 0.018505942275042438, "Digestive Health": 0.006621392190152799, "Healthy Sleep": 0.008658743633276737, "Anxiety": 0.017317487266553473, "Psoriasis": 0.008064516129032254, "Ankylosing Spondylitis": 0.023089983022071298, "Children's Health": 0.023769100169779275, "Stress Management": 0.026230899830220703, "HIV/AIDS": 0.02495755517826824, "Migraine": 0.0131578947368421, "Osteoarthritis": 0.021222410865874352, "Hereditary Angioedema": 0.012308998302207125, "Kidney Health": 0.006027164685908317, "Autism": 0.020118845500848886}, "Civil": {"Green Building": 0.09706744868035191, "Water Pollution": 0.1058651026392962, "Smart Material": 0.0870967741935484, "Ambient Intelligence": 0.09941348973607039, "Construction Management": 0.09736070381231673, "Suspension Bridge": 0.0903225806451613, "Geotextile": 0.10439882697947216, "Stealth Technology": 0.03460410557184752, "Solar Energy": 0.08797653958944283, "Remote Sensing": 0.09296187683284458, "Rainwater Harvesting": 0.10293255131964811}, "ECE": {"Electric motor": 0.09588411128995171, "Digital control": 0.07771901586571625, "Microcontroller": 0.07541963669809151, "Electrical network": 0.0738100712807542, "Electrical generator": 0.0, "Electricity": 0.08185789836744078, "Operational amplifier": 0.07610945044837894, "Analog signal processing": 0.11887790296619913, "State space representation": 0.06231317544263049, "Signal-flow graph": 0.0471372729363072, "Electrical circuits": 0.06944125086226718, "Lorentz force law": 0.008047827086686594, "System identification": 0.07518969878132904, "PID controller": 0.07771901586571625, "Voltage law": 0.010347206254311335, "Control engineering": 0.050126465854219364}, "biochemistry": {"Molecular biology": 0.13243123336291038, "Enzymology": 0.0987133984028394, "Southern blotting": 0.09050576752440107, "Northern blotting": 0.12422360248447205, "Human Metabolism": 0.1095829636202307, "Polymerase chain reaction": 0.13065661047027508, "Immunology": 0.11357586512866016, "Genetics": 0.09782608695652174, "Cell biology": 0.10248447204968944}, "MAE": {"Fluid mechanics": 0.11360123647604328, "Hydraulics": 0.12480680061823803, "computer-aided design": 0.10664605873261206, "Manufacturing engineering": 0.1035548686244204, "Machine design": 0.125193199381762, "Thermodynamics": 0.11128284389489954, "Materials Engineering": 0.09119010819165378, "Strength of materials": 0.10510046367851623, "Internal combustion engine": 0.11862442040185471}, "Psychology": {"Prenatal development": 0.05404932656987931, "Attention": 0.055098828056673085, "Eating disorders": 0.05230015742522302, "Borderline personality disorder": 0.05125065593842925, "Prosocial behavior": 0.05527374497113872, "False memories": 0.05230015742522302, "Problem-solving": 0.05125065593842925, "Prejudice": 0.05264999125415428, "Antisocial personality disorder": 0.05142557285289488, "Nonverbal communication": 0.05387440965541369, "Leadership": 0.04950148679377296, "Child abuse": 0.0557984957145356, "Gender roles": 0.057372747944726264, "Depression": 0.05352457582648243, "Social cognition": 0.057372747944726264, "Seasonal affective disorder": 0.054224243484344944, "Person perception": 0.05404932656987931, "Media violence": 0.04198005947175092, "Schizophrenia": 0.046702816162322906}}